{
  "defaultSeverity": "warning",
  "extends": ["tslint:recommended", "tslint-config-prettier"],
  "linterOptions": {
    "exclude": ["node_modules/**"]
  },
  "rules": {
    "quotemark": [true, "single"],
    "indent": [true, "spaces", 2],
    "interface-name": false,
    "ordered-imports": false,
    "object-literal-sort-keys": false,
    "no-consecutive-blank-lines": false,
    "no-console": false,
    "no-shadowed-variable": false,
    "no-bitwise": false,
    "no-unused-expression": false,
    "object-literal-shorthand": false,
    "no-var-requires": false,
    "no-string-literal": false,
    "forin": false,
    "no-eval": false
  }
}
